year,country_of_asylum,country_of_origin,country_of_asylum_iso,country_of_origin_iso,refugees,asylum_seekers,idps,other_people_in_need_of_international_protection,stateless_persons,host_community,others_of_concern
1988,United States of America,Viet Nam,USA,VNM,113734,0,0,0,0,0,0
1989,United States of America,Viet Nam,USA,VNM,120243,0,0,0,0,0,0
1990,United States of America,Viet Nam,USA,VNM,137577,0,0,0,0,0,0
1991,United States of America,Viet Nam,USA,VNM,158999,0,0,0,0,0,0
1992,United States of America,Viet Nam,USA,VNM,180326,0,0,0,0,0,0
1993,United States of America,Viet Nam,USA,VNM,205469,0,0,0,0,0,0
1994,United States of America,Viet Nam,USA,VNM,211376,0,0,0,0,0,0
1995,United States of America,Viet Nam,USA,VNM,201816,0,0,0,0,0,0
1996,United States of America,Viet Nam,USA,VNM,174633,0,0,0,0,0,0
1997,United States of America,Viet Nam,USA,VNM,137787,0,0,0,0,0,0
1998,United States of America,Viet Nam,USA,VNM,105692,0,0,0,0,0,0
1999,United States of America,Viet Nam,USA,VNM,78355,0,0,0,0,0,0
2000,United States of America,Viet Nam,USA,VNM,49008,203,0,0,0,0,0
2001,United States of America,Viet Nam,USA,VNM,35110,189,0,0,0,0,0
2002,United States of America,Viet Nam,USA,VNM,30501,158,0,0,0,0,0
2003,United States of America,Viet Nam,USA,VNM,21250,125,0,0,0,0,0
2004,United States of America,Viet Nam,USA,VNM,12381,108,0,0,0,0,0
2005,United States of America,Viet Nam,USA,VNM,10238,98,0,0,0,0,0
2006,United States of America,Viet Nam,USA,VNM,45757,112,0,0,0,0,0
2007,United States of America,Viet Nam,USA,VNM,251,46,0,0,0,0,0
2008,United States of America,Viet Nam,USA,VNM,230,40,0,0,0,0,0
2009,United States of America,Viet Nam,USA,VNM,259,29,0,0,0,0,0
2010,United States of America,Viet Nam,USA,VNM,255,0,0,0,0,0,0
2011,United States of America,Viet Nam,USA,VNM,270,0,0,0,0,0,0
2012,United States of America,Viet Nam,USA,VNM,265,12,0,0,0,0,0
2013,United States of America,Viet Nam,USA,VNM,263,119,0,0,0,0,0
2014,United States of America,Viet Nam,USA,VNM,270,166,0,0,0,0,0
2015,United States of America,Viet Nam,USA,VNM,266,213,0,0,0,0,0
2016,United States of America,Viet Nam,USA,VNM,264,282,0,0,0,0,0
2017,United States of America,Viet Nam,USA,VNM,256,444,0,0,0,0,0
2018,United States of America,Viet Nam,USA,VNM,275,571,0,0,0,0,0
2019,United States of America,Viet Nam,USA,VNM,353,928,0,0,0,0,0
2020,United States of America,Viet Nam,USA,VNM,396,1310,0,0,0,0,0
2021,United States of America,Viet Nam,USA,VNM,406,1580,0,0,0,0,0
2022,United States of America,Viet Nam,USA,VNM,448,1638,0,0,0,0,0
2023,United States of America,Viet Nam,USA,VNM,510,3645,0,0,0,0,0
2024,United States of America,Viet Nam,USA,VNM,568,7479,0,0,0,0,0
2025,United States of America,Viet Nam,USA,VNM,637,8401,0,0,0,0,0
